ph,hardness,solids,conductivity,sulphate,turbidity,year
10.77442383143233,30.702661053036024,15.631474653138376,57.80673870422886,47.12360002708891,3.8340254221020658,2019
10.718852754419238,31.79826139362885,11.742393470627507,56.25079635293596,45.841773791710686,3.346275009464563,2019
10.88347377873306,35.513191028045746,11.67436719174152,56.91565600157593,40.52456910870312,3.8695784641342814,2019
10.052588172179615,34.05692950075231,11.111147813022944,58.50675137119949,43.50690485964897,3.9507067962656093,2019
10.028476419737698,39.678170686439366,13.802361535258594,54.133014757872985,40.125680216718386,3.660569435253975,2019
10.745168812561014,34.598555097078396,14.071416673573614,52.42823734176613,40.45140968355752,3.0504150679712483,2019
10.754280882215728,35.69123270217924,18.75477945600464,57.64849299305666,47.52674104321066,3.823002756017714,2019
10.986521638710956,36.50721900315488,16.27849844971135,54.616851806009976,43.54506633397207,3.830463157273595,2019
